{
  "coefficients": [
    0.003549977892382039,
    0.07702194619629371,
    -0.003883905829900859
  ],
  "comment": "puzzle_left = a*slider_left^2 + b*slider_left + c",
  "observation_pairs": [
    [
      10.0,
      1.12
    ],
    [
      20.0,
      2.96
    ],
    [
      30.0,
      5.5
    ],
    [
      50.0,
      12.72
    ],
    [
      80.0,
      28.88
    ],
    [
      100.0,
      43.2
    ],
    [
      130.0,
      70.0
    ],
    [
      160.0,
      103.2
    ],
    [
      200.0,
      157.4
    ],
    [
      240.0,
      222.96
    ]
  ]
}